{
  "prevalence": 0.05,
  "n_positive": 69392,
  "threshold": 0.19963921282912817,
  "recall": 0.11094890510948906,
  "f1_proxy": 0.11094854536218976,
  "recall_lift": 2.218978102189781,
  "regime": {
    "yeongdong": 61043,
    "yeongseo": 4935,
    "mountain": 3414
  }
}