{
  "prevalence": 0.02,
  "total_budget": 27757,
  "adopt_alloc_mode": "regime_anchor",
  "alloc_cv_recall": {
    "global": {
      "top0.01": {
        "mean": 0.02293251464309773,
        "std": 0.009018365153446757,
        "n_folds_with_pos": 5.0
      },
      "top0.02": {
        "mean": 0.039671225759966636,
        "std": 0.015630041860181125,
        "n_folds_with_pos": 5.0
      },
      "top0.05": {
        "mean": 0.10606006281546558,
        "std": 0.03957388648986507,
        "n_folds_with_pos": 5.0
      },
      "top0.1": {
        "mean": 0.1849817553070458,
        "std": 0.06139476899058172,
        "n_folds_with_pos": 5.0
      }
    },
    "regime_equal": {
      "top0.01": {
        "mean": 0.026294784874264076,
        "std": 0.021967937847681494,
        "n_folds_with_pos": 5.0
      },
      "top0.02": {
        "mean": 0.04402289371883642,
        "std": 0.023069500336563752,
        "n_folds_with_pos": 5.0
      },
      "top0.05": {
        "mean": 0.10492375737536315,
        "std": 0.03545064672847091,
        "n_folds_with_pos": 5.0
      },
      "top0.1": {
        "mean": 0.18785324125082092,
        "std": 0.062366505305296166,
        "n_folds_with_pos": 5.0
      }
    },
    "regime_count": {
      "top0.01": {
        "mean": 0.026294784874264076,
        "std": 0.021967937847681494,
        "n_folds_with_pos": 5.0
      },
      "top0.02": {
        "mean": 0.04402289371883642,
        "std": 0.023069500336563752,
        "n_folds_with_pos": 5.0
      },
      "top0.05": {
        "mean": 0.10492375737536315,
        "std": 0.03545064672847091,
        "n_folds_with_pos": 5.0
      },
      "top0.1": {
        "mean": 0.18785324125082092,
        "std": 0.062366505305296166,
        "n_folds_with_pos": 5.0
      }
    },
    "regime_anchor": {
      "top0.01": {
        "mean": 0.0222027896532366,
        "std": 0.01438663142552617,
        "n_folds_with_pos": 5.0
      },
      "top0.02": {
        "mean": 0.04797936476430863,
        "std": 0.022089452661949456,
        "n_folds_with_pos": 5.0
      },
      "top0.05": {
        "mean": 0.11092323917352354,
        "std": 0.038339741042349273,
        "n_folds_with_pos": 5.0
      },
      "top0.1": {
        "mean": 0.18922906713500282,
        "std": 0.06301232967475182,
        "n_folds_with_pos": 5.0
      }
    }
  },
  "alloc_score_mean_recall": {
    "global": 0.08841138963139394,
    "regime_equal": 0.09077366930482114,
    "regime_count": 0.09077366930482114,
    "regime_anchor": 0.09258361518151789
  },
  "regime_anchor_count_full": {
    "yeongdong": 151.0,
    "yeongseo": 389.0,
    "mountain": 145.0
  },
  "regime_decision_distribution": {
    "yeongdong": {
      "n_poles": 305589.0,
      "n_positive": 6133.0,
      "positive_rate_pct": 2.0069439672239513,
      "share_of_positives_pct": 22.095327304824007
    },
    "yeongseo": {
      "n_poles": 662308.0,
      "n_positive": 15734.0,
      "positive_rate_pct": 2.3756318812395443,
      "share_of_positives_pct": 56.68480023057247
    },
    "mountain": {
      "n_poles": 419934.0,
      "n_positive": 5890.0,
      "positive_rate_pct": 1.4026013611662784,
      "share_of_positives_pct": 21.219872464603522
    }
  },
  "f1_sensitivity_global_vs_regime": {
    "0.005": {
      "global": {
        "predicted_positive": 6940.0,
        "recall": 0.010218978102189781,
        "precision_proxy": 0.0102177338606197,
        "f1_proxy": 0.010218355943528367
      },
      "regime": {
        "predicted_positive": 6940.0,
        "recall": 0.010218978102189781,
        "precision_proxy": 0.0102177338606197,
        "f1_proxy": 0.010218355943528367
      }
    },
    "0.01": {
      "global": {
        "predicted_positive": 13879.0,
        "recall": 0.020437956204379562,
        "precision_proxy": 0.020436940123265572,
        "f1_proxy": 0.020437448151193534
      },
      "regime": {
        "predicted_positive": 13879.0,
        "recall": 0.02335766423357664,
        "precision_proxy": 0.023356502998017798,
        "f1_proxy": 0.02335708360136404
      }
    },
    "0.02": {
      "global": {
        "predicted_positive": 27757.0,
        "recall": 0.03795620437956204,
        "precision_proxy": 0.037955684750003216,
        "f1_proxy": 0.037955944563004156
      },
      "regime": {
        "predicted_positive": 27757.0,
        "recall": 0.04817518248175182,
        "precision_proxy": 0.048174522951927166,
        "f1_proxy": 0.048174852714582196
      }
    },
    "0.03": {
      "global": {
        "predicted_positive": 41635.0,
        "recall": 0.06277372262773723,
        "precision_proxy": 0.06277361708767276,
        "f1_proxy": 0.06277366985766064
      },
      "regime": {
        "predicted_positive": 41635.0,
        "recall": 0.07007299270072993,
        "precision_proxy": 0.07007287488856495,
        "f1_proxy": 0.07007293379459792
      }
    },
    "0.05": {
      "global": {
        "predicted_positive": 69392.0,
        "recall": 0.09927007299270073,
        "precision_proxy": 0.09926942923646304,
        "f1_proxy": 0.0992697511135382
      },
      "regime": {
        "predicted_positive": 69392.0,
        "recall": 0.09343065693430656,
        "precision_proxy": 0.09343005104608285,
        "f1_proxy": 0.09343035398921243
      }
    },
    "0.1": {
      "global": {
        "predicted_positive": 138784.0,
        "recall": 0.1854014598540146,
        "precision_proxy": 0.18540025754457065,
        "f1_proxy": 0.18540085869734338
      },
      "regime": {
        "predicted_positive": 138784.0,
        "recall": 0.17956204379562044,
        "precision_proxy": 0.1795608793541905,
        "f1_proxy": 0.17956146157301764
      }
    }
  },
  "f1_sensitivity_global_curve": {
    "0.005": {
      "threshold": 0.5243648740481397,
      "predicted_positive": 6940.0,
      "recall": 0.010218978102189781,
      "f1_proxy": 0.010218355943528367
    },
    "0.01": {
      "threshold": 0.4822873098714333,
      "predicted_positive": 13879.0,
      "recall": 0.020437956204379562,
      "f1_proxy": 0.020437448151193534
    },
    "0.02": {
      "threshold": 0.4262776152005039,
      "predicted_positive": 27757.0,
      "recall": 0.03795620437956204,
      "f1_proxy": 0.037955944563004156
    },
    "0.03": {
      "threshold": 0.3911778795061691,
      "predicted_positive": 41635.0,
      "recall": 0.06277372262773723,
      "f1_proxy": 0.06277366985766064
    },
    "0.05": {
      "threshold": 0.3511190679541353,
      "predicted_positive": 69392.0,
      "recall": 0.09927007299270073,
      "f1_proxy": 0.0992697511135382
    },
    "0.1": {
      "threshold": 0.30605311368431,
      "predicted_positive": 138784.0,
      "recall": 0.1854014598540146,
      "f1_proxy": 0.18540085869734338
    }
  },
  "final_decision_cv_recall": {
    "top0.01": {
      "mean": 0.02293251464309773,
      "std": 0.009018365153446757,
      "n_folds_with_pos": 5.0
    },
    "top0.02": {
      "mean": 0.039671225759966636,
      "std": 0.015630041860181125,
      "n_folds_with_pos": 5.0
    },
    "top0.05": {
      "mean": 0.10606006281546558,
      "std": 0.03957388648986507,
      "n_folds_with_pos": 5.0
    },
    "top0.1": {
      "mean": 0.1849817553070458,
      "std": 0.06139476899058172,
      "n_folds_with_pos": 5.0
    }
  },
  "random_vs_spatial_gap": {
    "random_recall": 0.10053109430467178,
    "spatial_recall": 0.10606006281546558,
    "gap": -0.005528968510793805
  },
  "goseong_sanity": {
    "n_poles": 3465.0,
    "mean_pctile": 0.2369965669098848,
    "frac_top10": 0.0
  },
  "multiplier_adopted": false,
  "posterior_coverage": {
    "posterior_spatial_backend": "poisson_gamma",
    "conformal_alpha": 0.1,
    "posterior_draws": 200,
    "credible_mean_width": 0.06189319838319224,
    "coverage_conformal": {
      "all": {
        "nominal": 0.9,
        "empirical": 0.9021897810218978,
        "n_test": 685.0,
        "n_folds": 5.0
      },