{
  "prevalence": 0.02,
  "total_budget": 27757,
  "adopt_alloc_mode": "regime_count",
  "alloc_cv_recall": {
    "global": {
      "top0.01": {
        "mean": 0.01915432338673691,
        "std": 0.010982763047462181,
        "n_folds_with_pos": 5.0
      },
      "top0.02": {
        "mean": 0.04251974852155985,
        "std": 0.012318851665494485,
        "n_folds_with_pos": 5.0
      },
      "top0.05": {
        "mean": 0.10096858579627774,
        "std": 0.03310194270182691,
        "n_folds_with_pos": 5.0
      },
      "top0.1": {
        "mean": 0.17634413026146878,
        "std": 0.06722877887594444,
        "n_folds_with_pos": 5.0
      }
    },
    "regime_equal": {
      "top0.01": {
        "mean": 0.0192325535082357,
        "std": 0.010422156445143688,
        "n_folds_with_pos": 5.0
      },
      "top0.02": {
        "mean": 0.03992362531577099,
        "std": 0.018068374502072142,
        "n_folds_with_pos": 5.0
      },
      "top0.05": {
        "mean": 0.10092265943191396,
        "std": 0.019890629883529628,
        "n_folds_with_pos": 5.0
      },
      "top0.1": {
        "mean": 0.18046598613717638,
        "std": 0.0564064042830373,
        "n_folds_with_pos": 5.0
      }
    },
    "regime_count": {
      "top0.01": {
        "mean": 0.0192325535082357,
        "std": 0.010422156445143688,
        "n_folds_with_pos": 5.0
      },
      "top0.02": {
        "mean": 0.03992362531577099,
        "std": 0.018068374502072142,
        "n_folds_with_pos": 5.0
      },
      "top0.05": {
        "mean": 0.10092265943191396,
        "std": 0.019890629883529628,
        "n_folds_with_pos": 5.0
      },
      "top0.1": {
        "mean": 0.18046598613717638,
        "std": 0.0564064042830373,
        "n_folds_with_pos": 5.0
      }
    },
    "regime_anchor": {
      "top0.01": {
        "mean": 0.01794223092759054,
        "std": 0.011472350383568797,
        "n_folds_with_pos": 5.0
      },
      "top0.02": {
        "mean": 0.03844214383428951,
        "std": 0.015298980091091189,
        "n_folds_with_pos": 5.0
      },
      "top0.05": {
        "mean": 0.10073150053107764,
        "std": 0.01876319847372626,
        "n_folds_with_pos": 5.0
      },
      "top0.1": {
        "mean": 0.18213265280384303,
        "std": 0.05828203688688474,
        "n_folds_with_pos": 5.0
      }
    }
  },
  "alloc_score_mean_recall": {
    "global": 0.08474669699151081,
    "regime_equal": 0.08513620609827426,
    "regime_count": 0.08513620609827426,
    "regime_anchor": 0.08481213202420018
  },
  "regime_anchor_count_full": {
    "yeongdong": 151.0,
    "yeongseo": 389.0,
    "mountain": 145.0
  },
  "regime_decision_distribution": {
    "yeongdong": {
      "n_poles": 305589.0,
      "n_positive": 6112.0,
      "positive_rate_pct": 2.000071992120135,
      "share_of_positives_pct": 22.01967071369384
    },
    "yeongseo": {
      "n_poles": 662308.0,
      "n_positive": 13246.0,
      "positive_rate_pct": 1.999975842055358,
      "share_of_positives_pct": 47.72129552905573
    },
    "mountain": {
      "n_poles": 419934.0,
      "n_positive": 8399.0,
      "positive_rate_pct": 2.0000762024508614,
      "share_of_positives_pct": 30.259033757250425
    }
  },
  "f1_sensitivity_global_vs_regime": {
    "0.005": {
      "global": {
        "predicted_positive": 6940.0,
        "recall": 0.008759124087591242,
        "precision_proxy": 0.008758057594816888,
        "f1_proxy": 0.0087585908087386
      },
      "regime": {
        "predicted_positive": 6940.0,
        "recall": 0.00583941605839416,
        "precision_proxy": 0.005838705063211258,
        "f1_proxy": 0.005839060539159067
      }
    },
    "0.01": {
      "global": {
        "predicted_positive": 13879.0,
        "recall": 0.01897810218978102,
        "precision_proxy": 0.01897715868588946,
        "f1_proxy": 0.01897763042610828
      },
      "regime": {
        "predicted_positive": 13879.0,
        "recall": 0.013138686131386862,
        "precision_proxy": 0.013138032936385012,
        "f1_proxy": 0.013138359525767272
      }
    },
    "0.02": {
      "global": {
        "predicted_positive": 27757.0,
        "recall": 0.040875912408759124,
        "precision_proxy": 0.040875352807695775,
        "f1_proxy": 0.04087563260631217
      },
      "regime": {
        "predicted_positive": 27757.0,
        "recall": 0.0364963503649635,
        "precision_proxy": 0.03649585072115694,
        "f1_proxy": 0.03649610054135015
      }
    },
    "0.03": {
      "global": {
        "predicted_positive": 41635.0,
        "recall": 0.05693430656934306,
        "precision_proxy": 0.056934210846959016,
        "f1_proxy": 0.05693425870811081
      },
      "regime": {
        "predicted_positive": 41635.0,
        "recall": 0.059854014598540145,
        "precision_proxy": 0.05985391396731589,
        "f1_proxy": 0.05985396428288572
      }
    },
    "0.05": {
      "global": {
        "predicted_positive": 69392.0,
        "recall": 0.08905109489051095,
        "precision_proxy": 0.08905051740329772,
        "f1_proxy": 0.08905080614596812
      },
      "regime": {
        "predicted_positive": 69392.0,
        "recall": 0.09927007299270073,
        "precision_proxy": 0.09926942923646304,
        "f1_proxy": 0.0992697511135382
      }
    },
    "0.1": {
      "global": {
        "predicted_positive": 138784.0,
        "recall": 0.1678832116788321,
        "precision_proxy": 0.16788212297343014,
        "f1_proxy": 0.1678826673243661
      },
      "regime": {
        "predicted_positive": 138784.0,
        "recall": 0.17372262773722627,
        "precision_proxy": 0.1737215011638103,
        "f1_proxy": 0.17372206444869184
      }
    }
  },
  "f1_sensitivity_global_curve": {
    "0.005": {
      "threshold": 0.3795397562756427,
      "predicted_positive": 6940.0,
      "recall": 0.008759124087591242,
      "f1_proxy": 0.0087585908087386
    },
    "0.01": {
      "threshold": 0.32941777147703716,
      "predicted_positive": 13879.0,
      "recall": 0.01897810218978102,
      "f1_proxy": 0.01897763042610828
    },
    "0.02": {
      "threshold": 0.2638617460049653,
      "predicted_positive": 27757.0,
      "recall": 0.040875912408759124,
      "f1_proxy": 0.04087563260631217
    },
    "0.03": {
      "threshold": 0.22872891983503724,
      "predicted_positive": 41635.0,
      "recall": 0.05693430656934306,
      "f1_proxy": 0.05693425870811081
    },
    "0.05": {
      "threshold": 0.18555657428695116,
      "predicted_positive": 69392.0,
      "recall": 0.08905109489051095,
      "f1_proxy": 0.08905080614596812
    },
    "0.1": {
      "threshold": 0.13217396199336232,
      "predicted_positive": 138784.0,
      "recall": 0.1678832116788321,
      "f1_proxy": 0.1678826673243661
    }
  },
  "final_decision_cv_recall": {
    "top0.01": {
      "mean": 0.01915432338673691,
      "std": 0.010982763047462181,
      "n_folds_with_pos": 5.0
    },
    "top0.02": {
      "mean": 0.04251974852155985,
      "std": 0.012318851665494485,
      "n_folds_with_pos": 5.0
    },
    "top0.05": {
      "mean": 0.10096858579627774,
      "std": 0.03310194270182691,
      "n_folds_with_pos": 5.0
    },
    "top0.1": {
      "mean": 0.17634413026146878,
      "std": 0.06722877887594444,
      "n_folds_with_pos": 5.0
    }
  },
  "random_vs_spatial_gap": {
    "random_recall": 0.08934653461296115,
    "spatial_recall": 0.10096858579627774,
    "gap": -0.011622051183316592
  },
  "goseong_sanity": {
    "n_poles": 3465.0,
    "mean_pctile": 0.602133472793424,
    "frac_top10": 0.0
  },
  "multiplier_adopted": false,
  "posterior_coverage": {
    "posterior_spatial_backend": "poisson_gamma",
    "conformal_alpha": 0.1,
    "posterior_draws": 200,
    "credible_mean_width": 0.06189319838319224,
    "coverage_conformal": {
      "all": {
        "nominal": 0.9,
        "empirical": 0.9021897810218978,
        "n_test": 685.0,
        "n_folds": 5.0
      },
      "yeongdong": {
        "nominal": 0.9,